{
  "mse": 22063.82421875,
  "rmse": 148.53896532139302,
  "mae": 92.97764587402344,
  "r2": 0.621463418006897,
  "mape": 240905338880.0,
  "num_test_samples": 1500
}